<?xml version="1.0" encoding="utf-8"?>
<resources>
    <dimen name="width_86dp">86dp</dimen>
    <dimen name="height_86dp">86dp</dimen>
    <dimen name="marginTop_120dp">120dp</dimen>
    <dimen name="width_0dp">0dp</dimen>
    <dimen name="marginStart_16dp">16dp</dimen>
    <dimen name="marginEnd_16dp">16dp</dimen>
    <dimen name="minHeight_48dp">48dp</dimen>
    <dimen name="padding_12dp">12dp</dimen>
    <dimen name="textSize_16sp">16sp</dimen>
    <dimen name="marginTop_12dp">12dp</dimen>
    <dimen name="width_173dp">173dp</dimen>
    <dimen name="height_33dp">33dp</dimen>
    <dimen name="marginStart_10dp">10dp</dimen>
    <dimen name="textSize_18sp">18sp</dimen>
    <dimen name="marginTop_20dp">20dp</dimen>
    <dimen name="marginTop_128dp">128dp</dimen>
    <dimen name="width_24dp">24dp</dimen>
    <dimen name="height_24dp">24dp</dimen>
    <dimen name="marginTop_560dp">560</dimen>
    <dimen name="marginTop_176dp">176dp</dimen>
    <dimen name="textSize_30sp">30sp</dimen>
    <dimen name="marginTop_200">200dp</dimen>
    <dimen name="marginLeft_10dp">10dp</dimen>
    <dimen name="marginRight_10dp" />
    <dimen name="marginEnd_10dp">10dp</dimen>
    <dimen name="marginTop_10dp">10dp</dimen>
    <dimen name="width_297dp">297dp</dimen>
    <dimen name="height_50dp">50dp</dimen>
    <dimen name="padding_10dp">10dp</dimen>
    <dimen name="marginStart_50dp">50dp</dimen>
    <dimen name="marginEnd_50dp">50dp</dimen>
</resources>