<resources>
    <string name="app_name">lab01b-login-form</string>
    <string name="id_facebook">TODO</string>
    <string name="english">English</string>
    <string name="choose_language">Change</string>
    <string name="dot">•</string>
    <string name="login">LOG IN</string>
    <string name="password_hint">Password</string>
    <string name="email_phone_hint">Email or Phone</string>
    <string name="forgot_password">Forgot Password?</string>
    <string name="sign_up_for_facebook">Sign Up for Facebook</string>
    <string name="todo">TODO</string>
    <string name="sign_in_form">Sign in form</string>
    <string name="username">Username</string>
    <string name="password">Password</string>
    <string name="not_account">Not account yet? Create one</string>
    <string name="or">------Or------</string>
    <string name="instagram_logo">Instagram Logo</string>

</resources>