<resources>
    <string name="app_name">Random_Binding_MVP</string>
    <string name="random_number_generator_title">TRUE RANDOM NUMBER GENERATOR</string>
    <string name="min_label">Min:</string>
    <string name="min_input_hint">Nhập số Min</string>
    <string name="max_label">Max:</string>
    <string name="max_input_hint">Nhập số Max</string>
    <string name="reset_button">Chọn lại</string>
    <string name="generate_button">Generate</string>
    <string name="exit_button">Thoát</string>
    <string name="result_label">Result</string>
    <string name="result_hint">Chưa tạo số</string>
</resources>