<?xml version="1.0" encoding="utf-8"?>
<resources>
    <dimen name="padding_16">16dp</dimen>
    <dimen name="margin_20">20dp</dimen>
    <dimen name="margin_120">120dp</dimen>
    <dimen name="text_size24">24sp</dimen>
    <dimen name="margin_16">16dp</dimen>
    <dimen name="margin_200">200dp</dimen>
    <dimen name="margin_48">48dp</dimen>
    <dimen name="margin_10">10dp</dimen>
    <dimen name="margin_64">64dp</dimen>
    <dimen name="margin_0">0dp</dimen>
    <dimen name="height_1">1dp</dimen>
    <dimen name="text_size20">20sp</dimen>
    <dimen name="margin_100">100dp</dimen>
</resources>