<?xml version="1.0" encoding="utf-8"?>
<resources>
    <!--  Dinh nghia khoang cach margin  -->
    <dimen name="margin_1">1dp</dimen>
    <dimen name="margin_5">5dp</dimen>
    <dimen name="margin_10">10dp</dimen>
    <dimen name="margin_12">12dp</dimen>
    <dimen name="margin_15">15dp</dimen>
    <dimen name="margin_18">18dp</dimen>
    <dimen name="margin_22">22dp</dimen>
    <dimen name="margin_25">25dp</dimen>
    <dimen name="margin_28">28dp</dimen>
    <dimen name="margin_30">30dp</dimen>
    <dimen name="margin_35">35dp</dimen>
    <dimen name="margin_40">40dp</dimen>
    <dimen name="margin_45">45dp</dimen>
    <dimen name="margin_50">50dp</dimen>
    <dimen name="margin_55">55dp</dimen>
    <dimen name="margin_60">60dp</dimen>
    <dimen name="margin_65">65dp</dimen>
    <dimen name="margin_70">70dp</dimen>
    <dimen name="margin_75">75dp</dimen>
    <dimen name="margin_80">80dp</dimen>
    <dimen name="margin_85">85dp</dimen>
    <dimen name="margin_88">88dp</dimen>
    <dimen name="margin_95">95dp</dimen>
    <dimen name="margin_16">16dp</dimen>
    <dimen name="margin_20">20dp</dimen>
    <dimen name="margin_24">24dp</dimen>
    <dimen name="margin_32">32dp</dimen>
    <dimen name="margin_64">64dp</dimen>
    <dimen name="margin_100">100dp</dimen>
    <dimen name="margin_120">120dp</dimen>
    <dimen name="margin_90">90dp</dimen>
    <dimen name="margin_110">110dp</dimen>
    <dimen name="margin_128">128dp</dimen>
    <dimen name="margin_150">150dp</dimen>
    <dimen name="margin_180">180dp</dimen>
    <dimen name="margin_200">200dp</dimen>
    <dimen name="margin_220">220dp</dimen>
    <dimen name="margin_250">250dp</dimen>
    <dimen name="margin_280">280dp</dimen>
    <dimen name="margin_300">300dp</dimen>
    <dimen name="margin_320">320dp</dimen>
    <dimen name="margin_350">350dp</dimen>
    <dimen name="margin_380">380dp</dimen>
    <dimen name="margin_400">400dp</dimen>
    <dimen name="margin_420">420dp</dimen>
    <dimen name="margin_450">450dp</dimen>
    <dimen name="margin_480">480dp</dimen>
    <!--  Dinh nghia khoang cach padding  -->
    <dimen name="padding_1">1dp</dimen>
    <dimen name="padding_5">5dp</dimen>
    <dimen name="padding_10">10dp</dimen>
    <dimen name="padding_16">16dp</dimen>
    <dimen name="padding_32">32dp</dimen>
    <dimen name="padding_48">48dp</dimen>
    <dimen name="text_size_11">11sp</dimen>
    <dimen name="margin_8">8dp</dimen>
    <dimen name="text_size_24">24sp</dimen>
    <dimen name="text_size_16">16sp</dimen>
    <dimen name="min_height_50">50dp</dimen>
    <dimen name="text_size_18">18sp</dimen>


</resources>
