<?xml version="1.0" encoding="utf-8"?>
<resources>
    <color name="black">#FF000000</color>
    <color name="white">#FFFFFFFF</color>
    <color name="grey">#FF888888</color>
    <color name="blue">#FF0000FF</color>
    <color name="red">#FFFF0000</color>
    <color name="green">#FF00FF00</color>
    <color name="yellow">#FFFFFF00</color>
    <color name="orange">#FFFFA500</color>
    <color name="purple">#FF800080</color>
    <color name="pink">#FFFFC0CB</color>
    <color name="brown">#FF8B4513</color>
    <color name="teal">#FF008080</color>
    <color name="lime">#FF00FF00</color>
    <color name="aqua">#FF00FFFF</color>
    <color name="fuchsia">#FFFF00FF</color>
    <color name="maroon">#FF800000</color>
    <color name="navy">#FF000080</color>
    <color name="olive">#FF808000</color>
    <color name="_0941af">#0941AF</color>
    <color name="ffffff">#ffffff</color>
    <color name="facebook_background">#3b5998</color>
    <color name="_2196f3">#2196F3</color>
    <color name="_880e4f">#880E4F</color>
    <color name="ffeb3b">#FFEB3B</color>
    <color name="_009688">#009688</color>
    <color name="b71c1c">#B71C1C</color>
    <color name="ff9800">#FF9800</color>
    <color name="dddb59">#dddb59</color>
    <color name="_5e5714">#5e5714</color>
    <color name="_777605">#777605</color>
    <color name="_212121">#212121</color>
    <color name="c472c4">#c472c4</color>
    <color name="_5d2c13">#5d2c13</color>
    <color name="f7f800">#f7f800</color>
    <color name="_746800">#746800</color>
    <color name="f90000">#f90000</color>
    <color name="_3e2723">#3E2723</color>
    <color name="a95834">#a95834</color>
    <color name="e9bdac">#e9bdac</color>
    <color name="_735646">#735646</color>

</resources>