<?xml version="1.0" encoding="utf-8"?>
<resources>
    <!-- Default -->
    <dimen name="activity_horizontal_margin">16dp</dimen>
    <dimen name="activity_vertical_margin">16dp</dimen>

    <!-- Dinh nghia khoang cach margin       -->
    <dimen name="margin_1">1dp</dimen>
    <dimen name="margin_2">2dp</dimen>
    <dimen name="margin_3">3dp</dimen>
    <dimen name="margin_4">4dp</dimen>
    <dimen name="margin_5">5dp</dimen>
    <dimen name="margin_6">6dp</dimen>
    <dimen name="margin_7">7dp</dimen>
    <dimen name="margin_8">8dp</dimen>
    <dimen name="margin_9">9dp</dimen>
    <dimen name="margin_10">10dp</dimen>
    <dimen name="margin_11">11dp</dimen>
    <dimen name="margin_12">12dp</dimen>
    <dimen name="margin_13">13dp</dimen>
    <dimen name="margin_14">14dp</dimen>
    <dimen name="margin_15">15dp</dimen>
    <dimen name="margin_16">16dp</dimen>
    <dimen name="margin_17">17dp</dimen>
    <dimen name="margin_18">18dp</dimen>
    <dimen name="margin_19">19dp</dimen>
    <dimen name="margin_20">20dp</dimen>
    <dimen name="margin_21">21dp</dimen>
    <dimen name="margin_22">22dp</dimen>
    <dimen name="margin_23">23dp</dimen>
    <dimen name="margin_24">24dp</dimen>
    <dimen name="margin_25">25dp</dimen>

    <!--    Dinh nghia khoang cach padding-->
    <dimen name="padding_1">1dp</dimen>
    <dimen name="padding_2">2dp</dimen>
    <dimen name="padding_3">3dp</dimen>
    <dimen name="padding_4">4dp</dimen>

    <!--    Dinh nghia khoang cach text size-->
    <dimen name="text_size_1">1sp</dimen>
    <dimen name="text_size_2">2sp</dimen>
    <dimen name="text_size_3">3sp</dimen>
    <dimen name="text_size_4">4sp</dimen>
    <dimen name="text_size_5">5sp</dimen>
    <dimen name="text_size_6">6sp</dimen>
    <dimen name="text_size_7">7sp</dimen>
    <dimen name="text_size_8">8sp</dimen>
    <dimen name="text_size_9">9sp</dimen>
    <dimen name="text_size_10">10sp</dimen>
    <dimen name="text_size_50">50sp</dimen>
    <dimen name="margin_120">120dp</dimen>
    <dimen name="margin_121">121dp</dimen>
    <dimen name="margin_150">150dp</dimen>
    <dimen name="margin_170">170dp</dimen>
    <dimen name="margin_200">200dp</dimen>
    <dimen name="text_size_30">30sp</dimen>
    <dimen name="_20dp">20dp</dimen>
    <dimen name="_95dp">95dp</dimen>
    <dimen name="_81dp">81dp</dimen>
    <dimen name="_100dp">100dp</dimen>
    <dimen name="_20dpo">20dp</dimen>
    <dimen name="_14sp">14sp</dimen>
    <dimen name="_60dp">60dp</dimen>
    <dimen name="_20dpp">20dp</dimen>
    <dimen name="_20dp1">20dp</dimen>
    <dimen name="_10dp" />
    <dimen name="_18sp">18sp</dimen>
    <dimen name="_24dp">24dp</dimen>
    <dimen name="_16sp">16sp</dimen>
    <dimen name="_14spp">14sp</dimen>
    <dimen name="_0dp">0dp</dimen>
    <dimen name="_150dp">150dp</dimen>
    <dimen name="_23dp" />
    <dimen name="_33dp">33dp</dimen>
    <dimen name="_80dp">80dp</dimen>
    <dimen name="_51dp">51dp</dimen>
    <dimen name="_50dp">50dp</dimen>
    <dimen name="_30dp">30dp</dimen>
    <dimen name="_40dp">40dp</dimen>
    <dimen name="_25dp">25dp</dimen>
    <dimen name="_35dp">35dp</dimen>
    <dimen name="_48dp">48dp</dimen>
    <dimen name="_20sp">20sp</dimen>
    <dimen name="text_size_70">70sp</dimen>
    <dimen name="width_0dp">0dp</dimen>
    <dimen name="width_80dp">80dp</dimen>
    <dimen name="width_130dp">130dp</dimen>
    <dimen name="width_500dp">500dp</dimen>
    <dimen name="height_500dp">500dp</dimen>
    <dimen name="height_0dp">0dp</dimen>
    <dimen name="width_30dp">30dp</dimen>
    />

</resources>