<resources>
    <string name="app_name">Lab01</string>
    <string name="android">Android</string>
    <string name="php">PHP</string>
    <string name="sql">SQL</string>
    <string name="python">PYTHON</string>
    <string name="_1">1</string>
    <string name="_2">2</string>
    <string name="_3">3</string>
    <string name="_4">4</string>
    <string name="_5">5</string>
    <string name="_6">6</string>
    <string name="_7">7</string>
    <string name="todo">TODO</string>
    <string name="thu_hang">Thu Hang</string>
    <string name="login">Login</string>
    <string name="password">Password</string>
    <string name="title_activity_login_Ivan">LoginActivityIvan</string>
    <string name="prompt_email">Email</string>
    <string name="prompt_password">Password</string>
    <string name="prompt_remember_me">Remember me</string>
    <string name="prompt_forgot_password">Forgot password?</string>
    <string name="username">Username</string>
    <string name="sign_in">Sign In Form</string>
    <string name="not_account">Not account yet? Create one</string>
    <string name="or_login_with">-------Or-------</string>
    <string name="english_change">English • Change</string>
    <string name="email_or_phone">Email or Phone</string>
    <string name="password_input">Password</string>
    <string name="log_in">LOG IN</string>
    <string name="sign_up_for_facebook">Sign Up for Facebook</string>
    <string name="forgot_password">Forgot Password?</string>
    <string name="user_name">Username\n</string>
    <string name="or">Or</string>
    <string name="login_with_facebook">Login with Facebook</string>
    <string name="dont_have_account">Don\'t have acount yet? Create one.</string>
</resources>